Name,Pos,Tm/Bye,Average,Stdev,Rank,Tier,ECR,ECRAvg,ECR VS. ADP,PS,Baseline
Patrick Mahomes,QB,KC/12,6.14,1.18,1,1,3|06,30,-0.833333333,0.85,QB:15
Josh Allen,QB,BUF/7,5.56,1.06,2,1,4|07,43.5,-0.75,0.71,RB:45
Kyler Murray,QB,ARI/12,5.4,1.67,3,1,5|06,54.4,-1.166666667,0.58,WR:55
Lamar Jackson,QB,BAL/8,4.98,1.02,4,1,5|08,56.3,-0.916666667,0.45,TE:18
Dak Prescott,QB,DAL/7,3.52,1.16,5,2,6|02,62.4,-0.666666667,0.36,
Russell Wilson,QB,SEA/9,3.36,0.84,6,2,6|10,70.8,-0.666666667,0.28,
Aaron Rodgers,QB,GB/13,2.88,0.89,7,3,6|12,72.9,-0.75,0.21,
Tom Brady,QB,TB/9,2.54,1.12,8,3,8|06,90.5,-1.333333333,0.15,
Justin Herbert,QB,LAC/7,2.01,2.94,9,3,7|05,77.8,-1.416666667,0.1,
Jalen Hurts,QB,PHI/14,1.99,1.06,10,3,8|10,94.2,-1.25,0.05,
Ryan Tannehill,QB,TEN/13,1.27,1.01,11,4,8|06,90.7,0,0.02,
Joe Burrow,QB,CIN/10,0.56,1.09,12,4,9|09,105.7,-0.25,0,
Matthew Stafford,QB,LAR/11,0.06,1.03,13,4,9|04,100.2,-0.5,0,
Matt Ryan,QB,ATL/6,-0.13,1.01,14,4,11|02,122.5,0.5,0,
Kirk Cousins,QB,MIN/7,-0.39,0.83,15,5,11|05,125.4,1.166666667,0,
Trevor Lawrence,QB,JAX/7,-0.72,1.12,16,5,11|02,122.7,0.583333333,0,
Derek Carr,QB,LV/8,-0.72,0.78,17,5,14|10,166.6,1.666666667,0,
Baker Mayfield,QB,CLE/13,-0.84,0.77,18,5,12|09,141.1,-0.25,0,
Tua Tagovailoa,QB,MIA/14,-1,2.09,19,5,13|02,146.9,1.666666667,0,
Daniel Jones,QB,NYG/10,-1.02,1.37,20,5,14|05,161,9.916666667,0,
Ryan Fitzpatrick,QB,WAS/9,-1.7,1.72,21,5,13|03,147.7,1.416666667,0,
Ben Roethlisberger,QB,PIT/7,-1.75,1.23,22,5,13|10,154.2,-0.333333333,0,
Sam Darnold,QB,CAR/13,-2.26,1.35,23,6,16|06,186.5,4.083333333,0,
Jared Goff,QB,DET/9,-2.5,1.57,24,6,18|08,212.9,-0.083333333,0,
Zach Wilson,QB,NYJ/6,-2.62,1.64,25,6,17|05,197.9,0.166666667,0,
Deshaun Watson,QB,HOU/10,-3.56,4.71,26,7,21|11,251.8,-10.08333333,0,
Justin Fields,QB,CHI/10,-4.34,4.84,27,7,14|08,164.4,-0.916666667,0,
Carson Wentz,QB,IND/14,-4.38,3.52,28,7,17|06,198.2,5,0,
Trey Lance,QB,SF/6,-4.72,5.01,29,7,16|03,183.2,-1.333333333,0,
Jameis Winston,QB,NO/6,-6.22,3.29,30,8,19|12,228.7,-0.583333333,0,
Cam Newton,QB,NE/14,-6.45,4.22,31,8,18|12,216.3,-0.416666667,0,
Teddy Bridgewater,QB,DEN/11,-8.3,3.65,32,9,24|04,280.8,1.083333333,0,
Tyrod Taylor,QB,HOU/10,-8.36,4.14,33,9,24|02,278.7,2.583333333,0,
Drew Lock,QB,DEN/11,-8.49,4.52,34,10,25|02,290.1,5.666666667,0,
Andy Dalton,QB,CHI/10,-9.51,4.39,35,10,27|07,319.4,3,0,
Mac Jones,QB,NE/14,-10.02,3.13,36,10,25|12,300,-3.083333333,0,
Christian McCaffrey,RB,CAR/13,14.72,1.9,1,1,1|01,1.1,0,0.94,
Dalvin Cook,RB,MIN/7,12.6,1.61,2,2,1|02,2.2,0,0.88,
Alvin Kamara,RB,NO/6,11.45,1.92,3,2,1|04,4.3,0,0.83,
Derrick Henry,RB,TEN/13,11.31,1.79,4,2,1|04,4.1,0,0.78,
Saquon Barkley,RB,NYG/10,9.37,1.75,5,3,1|10,10.1,-0.166666667,0.74,
Ezekiel Elliott,RB,DAL/7,9.35,1.61,6,3,1|05,5.7,0,0.7,
Aaron Jones,RB,GB/13,9.21,1.03,7,3,1|08,8.1,0.166666667,0.66,
Nick Chubb,RB,CLE/13,8.58,1.13,8,4,1|11,11.4,-0.333333333,0.62,
Jonathan Taylor,RB,IND/14,8.57,1.62,9,4,2|01,13.7,-0.416666667,0.58,
Austin Ekeler,RB,LAC/7,8.38,1.45,10,4,2|01,13.7,0.083333333,0.55,
Joe Mixon,RB,CIN/10,8.19,1.34,11,4,2|07,19.2,0.25,0.51,
Najee Harris,RB,PIT/7,7.57,1.32,12,4,2|09,21.2,-0.416666667,0.48,
Antonio Gibson,RB,WAS/9,7.23,1.58,13,4,2|06,18.6,-0.083333333,0.45,
Clyde Edwards-Helaire,RB,KC/12,7.14,1.46,14,4,3|01,25.3,-0.083333333,0.41,
Chris Carson,RB,SEA/9,6.88,1.52,15,4,3|07,31.9,0.166666667,0.38,
DAndre Swift,RB,DET/9,6.79,1.51,16,4,3|08,32.3,0.25,0.35,
David Montgomery,RB,CHI/10,6.37,1.63,17,5,3|08,32.5,-0.416666667,0.33,
JK Dobbins,RB,BAL/8,6.05,1.61,18,5,3|07,31,-0.333333333,0.3,
Josh Jacobs,RB,LV/8,5.89,1.16,19,5,4|07,43.6,-1.166666667,0.27,
Miles Sanders,RB,PHI/14,5.84,1.52,20,5,4|04,40.4,-0.25,0.25,
Darrell Henderson,RB,LAR/11,5.27,1.82,21,5,4|06,42.4,0.75,0.23,
Mike Davis,RB,ATL/6,4.64,2.1,22,5,5|01,49.2,0.833333333,0.2,
Myles Gaskin,RB,MIA/14,4.49,1.94,23,6,5|03,51.7,-0.416666667,0.19,
Chase Edmonds,RB,ARI/12,4.03,1.36,24,6,6|03,63.5,0.083333333,0.17,
Kareem Hunt,RB,CLE/13,4,0.95,25,6,5|04,52.6,-0.25,0.15,
Travis Etienne,RB,JAX/7,3.51,2.24,26,6,5|05,53.4,0.833333333,0.13,
Raheem Mostert,RB,SF/6,3.08,1.37,27,6,6|11,71.5,-0.25,0.12,
Melvin Gordon,RB,DEN/11,2.78,1.89,28,6,7|02,74.3,0.166666667,0.11,
Javonte Williams,RB,DEN/11,2.49,1.77,29,7,6|03,63.5,0.5,0.1,
James Conner,RB,ARI/12,2.48,1.49,30,7,8|03,87.3,1.166666667,0.09,
Damien Harris,RB,NE/14,2.28,1.33,31,7,6|07,67,0.833333333,0.08,
James Robinson,RB,JAX/7,2.07,2.27,32,7,6|12,72.9,-1.5,0.07,
Leonard Fournette,RB,TB/9,2.03,1.75,33,7,8|03,87.9,-0.666666667,0.06,
David Johnson,RB,HOU/10,1.97,2.63,34,7,8|02,86.7,-0.083333333,0.05,
Ronald Jones,RB,TB/9,1.85,1.15,35,7,7|05,77.1,-0.333333333,0.04,
Kenyan Drake,RB,LV/8,1.61,1.9,36,7,9|01,97.9,0.25,0.04,
Trey Sermon,RB,SF/6,1.53,1.94,37,7,7|07,79.5,1.166666667,0.03,
Zack Moss,RB,BUF/7,1.25,0.98,38,7,8|04,88.5,0.583333333,0.02,
Michael Carter,RB,NYJ/6,1.16,2.23,39,7,7|02,74,0.416666667,0.02,
Devin Singletary,RB,BUF/7,0.95,1.06,40,7,10|03,111.5,0.083333333,0.01,
Jamaal Williams,RB,DET/9,0.8,0.89,41,7,9|10,106.9,1.25,0.01,
Gus Edwards,RB,BAL/8,0.67,1.28,42,7,9|06,102.5,0.75,0.01,
Latavius Murray,RB,NO/6,0.64,0.95,43,7,10|06,114.2,1.416666667,0,
AJ Dillon,RB,GB/13,0.53,1.35,44,8,9|05,101.6,-0.333333333,0,
Nyheim Hines,RB,IND/14,0.51,0.88,45,8,10|02,110.6,1.333333333,0,
Tony Pollard,RB,DAL/7,-0.08,0.65,46,8,10|06,114,0.416666667,0,
James White,RB,NE/14,-0.3,1.36,47,8,12|06,138.6,2.583333333,0,
JD McKissic,RB,WAS/9,-0.4,1.24,48,8,11|12,132.9,1.5,0,
Phillip Lindsay,RB,HOU/10,-0.89,1.69,49,8,11|10,130,2.083333333,0,
Tevin Coleman,RB,NYJ/6,-1.42,1.76,50,8,13|11,155.1,2.25,0,
Alexander Mattison,RB,MIN/7,-1.49,0.91,51,9,12|09,141.8,-0.166666667,0,
Malcolm Brown,RB,MIA/14,-1.51,1.28,52,9,17|04,196.2,3.916666667,0,
Justin Jackson,RB,LAC/7,-1.86,1.02,53,9,18|10,214.9,-0.083333333,0,
Giovani Bernard,RB,TB/9,-1.88,1.15,54,9,14|05,161.7,2.416666667,0,
Rashaad Penny,RB,SEA/9,-1.94,1.05,55,9,14|04,160.9,0.166666667,0,
Tarik Cohen,RB,CHI/10,-2.11,1.87,56,9,14|02,158,1.666666667,0,
Jeff Wilson,RB,SF/6,-2.22,2.26,57,9,19|09,225.7,-1.5,0,
Sony Michel,RB,NE/14,-2.32,1.72,58,9,16|06,186.6,1.166666667,0,
Darrel Williams,RB,KC/12,-2.34,1.32,59,9,16|07,187.4,-0.25,0,
Boston Scott,RB,PHI/14,-2.45,1.27,60,9,19|04,220.5,0.583333333,0,
Xavier Jones,RB,LAR/11,-2.45,1.18,61,9,17|02,194.2,-8.166666667,0,
Damien Williams,RB,CHI/10,-2.47,1.57,62,9,17|11,203.6,-2.083333333,0,
Mark Ingram,RB,HOU/10,-2.79,2.17,63,9,20|03,231,-4.75,0,
Darrynton Evans,RB,TEN/13,-2.8,1.79,64,9,17|08,200.1,3.5,0,
Marlon Mack,RB,IND/14,-2.83,2.58,65,9,16|02,182,-2.416666667,0,
Salvon Ahmed,RB,MIA/14,-3,1.53,66,9,15|11,179,3.75,0,
Ty Johnson,RB,NYJ/6,-3.02,1.28,67,9,21|12,252.6,-0.916666667,0,
Jerick McKinnon,RB,KC/12,-3.05,1.06,68,9,21|06,246.4,-0.666666667,0,
Kenneth Gainwell,RB,PHI/14,-3.09,1.48,69,9,16|04,184.2,0.833333333,0,
Joshua Kelley,RB,LAC/7,-3.14,1.01,70,9,18|04,208.9,6,0,
Devontae Booker,RB,NYG/10,-3.25,1.29,71,9,19|12,228.2,-3.25,0,
Samaje Perine,RB,CIN/10,-3.26,1.38,72,9,20|11,239.6,2,0,
Qadree Ollison,RB,ATL/6,-3.28,1.18,73,9,19|02,218.6,-3.916666667,0,
Chuba Hubbard,RB,CAR/13,-3.3,1.26,74,9,18|04,208.3,-3,0,
Wayne Gallman,RB,SF/6,-3.4,1.73,75,9,21|08,248.5,1.5,0,
Rhamondre Stevenson,RB,NE/14,-3.4,1.14,76,9,20|06,234.2,-0.583333333,0,
Cordarrelle Patterson,RB,ATL/6,-3.59,1.19,77,10,,,,0,
Benny Snell,RB,PIT/7,-3.63,1.19,78,10,19|06,222.8,-1.166666667,0,
Carlos Hyde,RB,JAX/7,-3.74,1.36,79,10,19|09,225.6,4.833333333,0,
Jake Funk,RB,LAR/11,-3.8,1.45,80,10,24|02,278.6,0.083333333,0,
Khalil Herbert,RB,CHI/10,-3.81,0.28,81,10,31|11,371.2,0,0,
Javian Hawkins,RB,ATL/6,-3.89,1.98,82,10,21|04,244.8,-6.083333333,0,
LaMical Perine,RB,NYJ/6,-3.97,2.29,83,10,21|06,246.1,-1.833333333,0,
Matt Breida,RB,BUF/7,-4.1,2.27,84,10,22|05,257.3,9.083333333,0,
Trayveon Williams,RB,CIN/10,-4.12,2.04,85,10,29|02,338,0,0,
Devonta Freeman,RB,NO/6,-4.14,1.32,86,10,28|01,325.4,0,0,
Raymond Calais,RB,LAR/11,-4.15,1.17,87,10,29|10,346,0,0,
Corey Clement,RB,NYG/10,-4.16,0.54,88,10,36|03,423,-8.666666667,0,
Chris Evans,RB,CIN/10,-4.26,1.33,89,10,24|02,278,-0.833333333,0,
Brian Hill,RB,TEN/13,-4.29,1.55,90,10,27|02,314,0.666666667,0,
Elijah Mitchell,RB,SF/6,-4.31,1.63,91,10,23|12,276.4,-10.41666667,0,
Anthony McFarland,RB,PIT/7,-4.39,1.62,92,10,22|11,263.5,-5.166666667,0,
KeShawn Vaughn,RB,TB/9,-4.5,1.26,93,10,22|09,261.6,-1,0,
Jermar Jefferson,RB,DET/9,-4.54,1.21,94,10,27|10,322.9,0,0,
Peyton Barber,RB,WAS/9,-4.59,1.24,95,10,28|04,328,0,0,
Larry Rountree,RB,LAC/7,-4.61,1.07,97,10,22|06,258.3,2.416666667,0,
Jaret Patterson,RB,WAS/9,-4.78,1.55,98,10,29|09,345.2,-3.583333333,0,
Darwin Thompson,RB,KC/12,-4.88,0.83,99,10,28|05,329.9,0,0,
Jordan Wilkins,RB,IND/14,-4.95,0.96,100,10,28|02,326.4,0,0,
Alex Collins,RB,SEA/9,-5.03,0.57,101,10,27|09,321.2,0,0,
DErnest Johnson,RB,CLE/13,-5.52,0.46,102,10,36|11,431.2,0,0,
Travis Kelce,TE,KC/12,9.64,1.63,1,1,2|01,13.8,-0.25,0.76,
Darren Waller,TE,LV/8,6.58,1.34,2,2,3|01,25.9,0.083333333,0.6,
George Kittle,TE,SF/6,5.74,1.46,3,3,3|12,36.2,-0.583333333,0.46,
Mark Andrews,TE,BAL/8,3.96,1.2,4,4,5|07,55,-0.166666667,0.36,
TJ Hockenson,TE,DET/9,3.04,1.32,5,5,5|07,55.4,0,0.29,
Kyle Pitts,TE,ATL/6,3.03,2.17,6,5,5|10,58.4,-0.75,0.22,
Noah Fant,TE,DEN/11,1.51,0.67,7,6,8|02,86.6,-0.25,0.18,
Tyler Higbee,TE,LAR/11,1.32,1.05,8,6,9|06,102.3,0.583333333,0.15,
Dallas Goedert,TE,PHI/14,1.26,1.37,9,6,8|04,88.5,0.166666667,0.12,
Logan Thomas,TE,WAS/9,1.07,1.31,10,6,8|12,96,-0.333333333,0.09,
Robert Tonyan,TE,GB/13,1.07,1.12,11,6,8|12,96.9,1,0.06,
Mike Gesicki,TE,MIA/14,1.01,0.65,12,6,10|06,114.4,-0.166666667,0.04,
Irv Smith,TE,MIN/7,0.74,0.89,13,6,11|01,121.9,1.583333333,0.02,
Jared Cook,TE,LAC/7,0.3,0.82,14,7,14|06,162.9,2.166666667,0.01,
Rob Gronkowski,TE,TB/9,0.27,0.66,15,7,12|12,144,-2.416666667,0.01,
Evan Engram,TE,NYG/10,0.17,0.62,16,7,11|11,131.7,3.75,0,
Jonnu Smith,TE,NE/14,0.09,1.41,17,7,11|05,125.1,3.166666667,0,
Adam Trautman,TE,NO/6,-0.14,1.79,18,7,12|11,143.9,3.833333333,0,
Austin Hooper,TE,CLE/13,-0.15,0.54,19,7,14|10,166,10.58333333,0,
Hunter Henry,TE,NE/14,-0.25,1.29,20,7,13|01,145.9,0.916666667,0,
Eric Ebron,TE,PIT/7,-0.41,0.72,21,7,16|11,191.4,3.5,0,
Blake Jarwin,TE,DAL/7,-0.49,1.02,22,7,14|04,160.3,6.583333333,0,
Anthony Firkser,TE,TEN/13,-0.72,1.12,23,7,15|10,178.2,3.75,0,
Zach Ertz,TE,PHI/14,-0.77,1.21,24,7,16|05,185.8,-2.583333333,0,
Cole Kmet,TE,CHI/10,-1.07,0.91,25,7,14|02,158.1,10.83333333,0,
Gerald Everett,TE,SEA/9,-1.14,1.48,26,8,14|07,163,4.75,0,
Hayden Hurst,TE,ATL/6,-1.29,1.39,27,8,18|10,214.8,3,0,
Dawson Knox,TE,BUF/7,-1.69,1.06,28,8,20|07,235.3,7.416666667,0,
OJ Howard,TE,TB/9,-1.8,0.92,29,8,20|09,237.7,0.333333333,0,
Jordan Akins,TE,HOU/10,-2.09,0.98,30,8,23|04,268.1,-7.833333333,0,
Jimmy Graham,TE,CHI/10,-2.22,0.85,31,8,23|01,265.7,-2.833333333,0,
CJ Uzomah,TE,CIN/10,-2.3,1.35,32,8,24|02,278.4,-2,0,
Chris Herndon,TE,NYJ/6,-2.55,1.32,33,8,22|02,254,8.916666667,0,
Mo Alie-Cox,TE,IND/14,-2.59,0.87,34,8,21|09,249.9,-3.166666667,0,
Jack Doyle,TE,IND/14,-2.7,1.23,35,9,22|01,253.9,9.75,0,
Dan Arnold,TE,CAR/13,-2.83,1.33,36,9,21|02,242.3,-0.333333333,0,
Donald Parham,TE,LAC/7,-3.01,1.24,37,9,24|08,284.7,3.916666667,0,
Dalton Schultz,TE,DAL/7,-3.1,0.91,38,9,23|06,270.3,-2.083333333,0,
Will Dissly,TE,SEA/9,-3.22,0.94,39,9,25|07,295.8,2.916666667,0,
Kyle Rudolph,TE,NYG/10,-3.33,0.95,40,9,24|12,288.5,0,0,
Tyler Conklin,TE,MIN/7,-3.55,1.07,41,9,26|03,303.5,0,0,
Drew Sample,TE,CIN/10,-3.66,1.31,42,9,25|09,297.3,0,0,
Nick Boyle,TE,BAL/8,-3.76,1.19,43,9,28|11,335.9,0,0,
Albert Okwuegbunam,TE,DEN/11,-3.78,1.67,44,9,27|07,319.5,0,0,
Maxx Williams,TE,ARI/12,-3.79,0.74,45,9,25|08,296.3,0,0,
Harrison Bryant,TE,CLE/13,-3.85,0.94,46,9,26|05,305,0,0,
David Njoku,TE,CLE/13,-3.85,0.77,47,9,26|07,307.5,0,0,
Cameron Brate,TE,TB/9,-3.85,0.82,48,9,29|04,340,0,0,
James OShaughnessy,TE,JAX/7,-3.96,1.09,49,9,27|08,320.2,0,0,
Pat Freiermuth,TE,PIT/7,-4.07,0.99,50,9,25|02,290.9,-3.25,0,
Kylen Granson,TE,IND/14,-4.1,1.52,51,9,29|11,347.4,0,0,
Tyler Kroft,TE,NYJ/6,-4.13,0.95,52,9,27|06,318,0,0,
Foster Moreau,TE,LV/8,-4.22,0.94,53,10,29|06,342.4,0,0,
Brevin Jordan,TE,HOU/10,-4.25,1.04,54,10,28|04,328.6,0,0,
Darren Fells,TE,DET/9,-4.29,1.34,55,10,31|09,369,0,0,
Pharaoh Brown,TE,HOU/10,-4.43,0.54,56,10,,,,0,
Ian Thomas,TE,CAR/13,-4.44,1.37,57,10,25|05,293.7,0,0,
Nick Vannett,TE,NO/6,-4.51,1.09,58,10,28|06,330.3,0,0,
Geoff Swaim,TE,TEN/13,-4.55,0.65,59,10,30|04,352.1,0,0,
Tim Tebow,TE,JAX/7,-4.64,0.17,60,10,27|05,317.8,-17.5,0,
Jacob Harris,TE,LAR/11,-4.64,0.41,61,10,28|05,329.3,0,0,
Josh Hill,TE,/,-4.66,0.18,62,10,,,,0,
Chris Manhertz,TE,JAX/7,-4.88,1.18,63,10,24|01,277,0,0,
Brycen Hopkins,TE,LAR/11,-4.9,1.1,64,10,30|04,352,0,0,
Kahale Warring,TE,HOU/10,-4.91,0.69,65,10,29|08,344.3,0,0,
Adam Shaheen,TE,MIA/14,-4.91,0.73,66,10,26|09,309.5,0,0,
Josh Oliver,TE,BAL/8,-4.97,0.66,67,10,35|11,419.3,0,0,
Marcedes Lewis,TE,GB/13,-4.99,0.71,68,10,,,,0,
Darrell Daniels,TE,ARI/12,-5.16,0.81,69,10,29|03,339,0,0,
Ross Dwelley,TE,SF/6,-5.21,0.6,70,10,29|02,338.3,0,0,
Thaddeus Moss,TE,CIN/10,-5.67,1.3,71,10,,,,0,
Davante Adams,WR,GB/13,9.14,1.23,1,1,1|08,8,0.333333333,0.95,
Tyreek Hill,WR,KC/12,8.78,1.16,2,1,1|10,10,0.333333333,0.89,
Stefon Diggs,WR,BUF/7,7.97,1.72,3,1,1|12,12,0.25,0.84,
Calvin Ridley,WR,ATL/6,7.32,1,4,2,2|02,14.3,0.333333333,0.8,
DeAndre Hopkins,WR,ARI/12,7.11,1.06,5,2,2|03,15,0.083333333,0.76,
DK Metcalf,WR,SEA/9,6.27,1.2,6,2,2|08,20.3,0.083333333,0.72,
AJ Brown,WR,TEN/13,6.26,1.45,7,2,2|09,21.4,0.166666667,0.68,
Justin Jefferson,WR,MIN/7,6.12,1.87,8,2,2|09,21.2,0.166666667,0.65,
Allen Robinson,WR,CHI/10,5.02,1.1,9,3,3|03,27.5,0.666666667,0.62,
Keenan Allen,WR,LAC/7,4.94,1.15,10,3,3|01,25.5,0.416666667,0.59,
Terry McLaurin,WR,WAS/9,4.85,1.39,11,3,3|05,29,0.333333333,0.56,
Amari Cooper,WR,DAL/7,4.46,0.78,12,3,4|02,38.2,0.416666667,0.53,
Robert Woods,WR,LAR/11,4.39,0.92,13,3,4|01,37.8,0.583333333,0.5,
CeeDee Lamb,WR,DAL/7,4.37,1.49,14,3,3|08,32.2,0.5,0.48,
Mike Evans,WR,TB/9,4.34,1,15,3,4|01,37.1,0.25,0.45,
Chris Godwin,WR,TB/9,4.18,1.04,16,4,4|02,38.5,0.166666667,0.43,
DJ Moore,WR,CAR/13,4.12,0.73,17,4,4|07,43.6,5.5,0.4,
Tyler Lockett,WR,SEA/9,4.11,0.94,18,4,5|02,50.7,0.583333333,0.38,
Cooper Kupp,WR,LAR/11,4.09,0.98,19,4,4|09,45.3,0.333333333,0.35,
Julio Jones,WR,TEN/13,3.84,1.23,20,4,4|06,42,0.083333333,0.33,
Adam Thielen,WR,MIN/7,3.79,0.77,21,4,5|05,53.6,-0.5,0.31,
Kenny Golladay,WR,NYG/10,3.02,1.08,22,4,6|04,64.9,0,0.29,
JaMarr Chase,WR,CIN/10,3,1.27,23,4,6|07,67.5,0.25,0.27,
Tee Higgins,WR,CIN/10,2.97,1.44,24,4,6|03,63.7,0.833333333,0.25,
Diontae Johnson,WR,PIT/7,2.82,1.1,25,4,5|03,51.4,0.75,0.24,
Brandin Cooks,WR,HOU/10,2.61,1.18,26,4,8|08,92.1,1,0.22,
Odell Beckham,WR,CLE/13,2.61,1.09,27,4,6|10,70,0.083333333,0.21,
Brandon Aiyuk,WR,SF/6,2.47,1.3,28,5,6|01,61.8,0.5,0.19,
Chase Claypool,WR,PIT/7,2.45,1.59,29,5,6|12,72.9,0.083333333,0.18,
Courtland Sutton,WR,DEN/11,2.41,0.99,30,5,7|07,79.1,0.583333333,0.16,
JuJu Smith-Schuster,WR,PIT/7,2.4,0.86,31,5,7|08,80.5,0.083333333,0.15,
Tyler Boyd,WR,CIN/10,2.13,0.99,32,5,8|04,88.6,0.75,0.13,
Robby Anderson,WR,CAR/13,2.11,0.87,33,5,7|11,83,0.25,0.12,
Deebo Samuel,WR,SF/6,1.95,1.07,34,5,8|10,94.2,-0.666666667,0.11,
Jerry Jeudy,WR,DEN/11,1.57,1.19,35,5,7|12,84.6,0.666666667,0.1,
DJ Chark,WR,JAX/7,1.56,1.31,36,5,8|06,90.5,-0.25,0.09,
Jarvis Landry,WR,CLE/13,1.52,1.01,37,5,9|11,107.9,-0.166666667,0.08,
Curtis Samuel,WR,WAS/9,1.51,0.95,38,5,10|02,110,0.666666667,0.07,
Michael Gallup,WR,DAL/7,1.36,1.04,39,5,10|09,117.1,0.916666667,0.07,
Marvin Jones,WR,JAX/7,1.28,1.03,40,5,11|10,130.2,1.5,0.06,
Will Fuller,WR,MIA/14,1.18,1.15,41,5,9|01,97.1,0.5,0.05,
Mike Williams,WR,LAC/7,1.09,0.88,42,5,10|05,113.3,0.833333333,0.04,
Michael Thomas,WR,NO/6,1.07,2.69,43,5,11|01,121.3,-4,0.04,
Antonio Brown,WR,TB/9,1.05,1.35,44,5,9|08,104.8,-0.333333333,0.03,
Laviska Shenault,WR,JAX/7,1,1.52,45,5,10|03,111.1,0.583333333,0.03,
Marquise Brown,WR,BAL/8,1,1.29,46,5,12|03,135.3,-0.083333333,0.02,
Corey Davis,WR,NYJ/6,0.89,0.84,47,6,10|10,118.6,1.083333333,0.01,
DeVonta Smith,WR,PHI/14,0.86,1.25,48,6,9|07,103.2,-1.333333333,0.01,
DeVante Parker,WR,MIA/14,0.59,1.42,49,6,11|09,129.1,1.333333333,0.01,
TY Hilton,WR,IND/14,0.33,1.07,50,6,13|12,156.1,1.416666667,0,
Henry Ruggs,WR,LV/8,0.2,1.22,51,6,14|06,162.3,-1,0,
Cole Beasley,WR,BUF/7,0.15,1.13,52,6,14|03,159.7,-0.166666667,0,
Mecole Hardman,WR,KC/12,0.14,1.24,53,6,13|12,156.4,0.083333333,0,
Darnell Mooney,WR,CHI/10,0.08,0.95,54,6,12|05,137.5,0.75,0,
Michael Pittman,WR,IND/14,-0.07,1.63,55,6,12|02,134.5,-0.333333333,0,
Russell Gage,WR,ATL/6,-0.2,1.4,56,6,14|07,163.7,1.5,0,
Jaylen Waddle,WR,MIA/14,-0.32,2.27,57,6,12|07,139.3,-1.083333333,0,
Nelson Agholor,WR,NE/14,-0.41,1.43,58,6,14|11,167.6,4.5,0,
TreQuan Smith,WR,NO/6,-0.51,1.61,59,6,16|01,181.1,3.083333333,0,
Tyrell Williams,WR,DET/9,-0.71,1.21,60,6,19|03,219,5.083333333,0,
Jalen Reagor,WR,PHI/14,-0.78,1.05,61,7,15|04,172.5,6.583333333,0,
Breshad Perriman,WR,DET/9,-0.85,1.08,62,7,17|03,195.2,6.75,0,
Emmanuel Sanders,WR,BUF/7,-0.85,1.51,63,7,16|01,181.2,2.916666667,0,
Sterling Shepard,WR,NYG/10,-0.87,1.61,64,7,14|11,167.2,3.666666667,0,
Jamison Crowder,WR,NYJ/6,-1,1.64,65,7,15|10,178.6,1.083333333,0,
Gabriel Davis,WR,BUF/7,-1.09,1.43,66,7,16|06,186.6,1.75,0,
Rondale Moore,WR,ARI/12,-1.2,2.15,67,7,16|10,190.9,0.916666667,0,
Christian Kirk,WR,ARI/12,-1.39,1.36,68,7,16|06,186.6,3.416666667,0,
Elijah Moore,WR,NYJ/6,-1.4,2.43,69,7,14|03,159.5,-0.583333333,0,
Randall Cobb,WR,GB/13,-1.42,1.18,70,7,18|10,214.3,-1.666666667,0,
Jakobi Meyers,WR,NE/14,-1.64,1.41,71,7,16|10,190.9,11,0,
AJ Green,WR,ARI/12,-1.66,1.77,72,7,18|06,210.8,-1.416666667,0,
Terrace Marshall,WR,CAR/13,-1.82,1.74,73,7,18|01,205.9,1.833333333,0,
Darius Slayton,WR,NYG/10,-1.87,1.02,74,7,18|01,205.5,4.5,0,
Parris Campbell,WR,IND/14,-2.23,1.51,75,7,16|12,192.3,8.666666667,0,
Sammy Watkins,WR,BAL/8,-2.25,1.09,76,7,19|03,219.5,0.5,0,
Allen Lazard,WR,GB/13,-2.51,1.73,77,8,18|05,209.2,2.75,0,
Hunter Renfrow,WR,LV/8,-2.58,1.2,78,8,21|12,252.6,5.083333333,0,
John Brown,WR,LV/8,-2.63,1.98,79,8,15|11,179.6,2.333333333,0,
Bryan Edwards,WR,LV/8,-2.72,2.13,80,8,18|05,209.7,0.5,0,
Amon-Ra St,WR,DET/9,-2.88,1.34,81,8,18|02,206.3,-0.166666667,0,
Marquez Callaway,WR,NO/6,-2.88,2.27,82,8,17|11,203.7,-5.75,0,
Rashod Bateman,WR,BAL/8,-2.93,1.59,83,8,15|06,174.8,0.333333333,0,
Van Jefferson,WR,LAR/11,-3.18,1.71,84,8,21|02,242.2,7.416666667,0,
DeSean Jackson,WR,LAR/11,-3.23,2.14,85,8,21|01,241.8,1.416666667,0,
Marquez Valdes-Scantling,WR,GB/13,-3.25,1.46,86,8,19|09,225,7.416666667,0,
Nico Collins,WR,HOU/10,-3.3,1.93,87,8,21|11,251.4,-4.5,0,
Anthony Miller,WR,HOU/10,-3.3,1.63,88,8,21|02,242.1,0.333333333,0,
Keke Coutee,WR,HOU/10,-3.35,1.91,89,8,24|07,283.8,-1.416666667,0,
Zach Pascal,WR,IND/14,-3.46,1.54,90,8,24|01,277.4,3,0,
Demarcus Robinson,WR,KC/12,-3.56,1.58,91,8,23|05,269.5,-5.583333333,0,
Josh Reynolds,WR,TEN/13,-3.57,1.2,92,8,20|09,237.3,4.583333333,0,
Kendrick Bourne,WR,NE/14,-3.6,1.49,93,8,24|04,280.7,3.666666667,0,
KJ Hamler,WR,DEN/11,-3.62,1.25,94,8,21|06,246.4,6.833333333,0,
Kadarius Toney,WR,NYG/10,-3.68,1.65,95,8,21|10,250.5,-2.083333333,0,
Keelan Cole,WR,NYJ/6,-3.68,1.87,96,8,23|04,268.5,4,0,
Tim Patrick,WR,DEN/11,-3.77,1.6,97,8,21|07,247.8,4.416666667,0,
Rashard Higgins,WR,CLE/13,-3.84,1.84,98,8,23|01,265.6,2.833333333,0,
DWayne Eskridge,WR,SEA/9,-3.86,1.52,99,8,23|10,274.6,0,0,
Denzel Mims,WR,NYJ/6,-3.89,1.41,100,8,19|09,225.3,2.083333333,0,
James Washington,WR,PIT/7,-4.09,1.07,101,9,22|04,256.5,7.083333333,0,
Chris Conley,WR,HOU/10,-4.13,1.55,102,9,26|03,303.1,-1.916666667,0,
Adam Humphries,WR,WAS/9,-4.13,1.94,103,9,24|07,283.2,-3,0,
Quez Watkins,WR,PHI/14,-4.19,2.03,104,9,25|10,298.1,0,0,
Olamide Zaccheaus,WR,ATL/6,-4.22,1.64,105,9,22|12,264.6,-3.333333333,0,
Quintez Cephus,WR,DET/9,-4.32,1.52,106,9,24|01,277.9,5.25,0,
Dyami Brown,WR,WAS/9,-4.37,1.22,107,9,23|04,268.5,1.416666667,0,
Byron Pringle,WR,KC/12,-4.41,2.07,108,9,24|05,281,-4.083333333,0,
Donovan Peoples-Jones,WR,CLE/13,-4.47,1.79,109,9,24|09,285.5,-1.916666667,0,
Damiere Byrd,WR,CHI/10,-4.52,1.5,110,9,26|07,307.4,-4.083333333,0,
Jalen Guyton,WR,LAC/7,-4.57,1.21,111,9,26|02,302.7,-0.916666667,0,
Preston Williams,WR,MIA/14,-4.68,2.47,112,9,23|05,269.4,5.25,0,
Travis Fulgham,WR,PHI/14,-4.73,1.17,113,9,24|09,285.7,-1.583333333,0,
Deonte Harris,WR,NO/6,-4.86,1.88,114,9,24|05,281.5,-4.416666667,0,
Josh Palmer,WR,LAC/7,-4.88,1.57,115,9,25|02,290.6,-6.916666667,0,
Greg Ward,WR,PHI/14,-4.93,1.37,116,9,27|01,313.1,0,0,
Tyron Johnson,WR,LAC/7,-4.95,1.58,117,9,24|08,284.6,6.166666667,0,
Tutu Atwell,WR,LAR/11,-5.01,1.36,119,9,27|04,316.5,-1.416666667,0,
Scott Miller,WR,TB/9,-5.11,1.37,120,9,,,,0,
NKeal Harry,WR,NE/14,-5.11,1.88,121,9,24|03,279.7,5.083333333,0,
Willie Snead,WR,LV/8,-5.58,1.21,124,9,29|02,338.6,0,0,
Marquise Goodwin,WR,CHI/10,-5.64,1.35,125,9,28|02,326.2,-9.666666667,0,
Auden Tate,WR,CIN/10,-5.64,1.17,126,9,25|12,300.8,0,0,
Collin Johnson,WR,JAX/7,-5.67,1.37,127,10,27|07,319.9,0,0,
Dez Fitzpatrick,WR,TEN/13,-5.73,1.03,128,10,26|12,312,-1,0,
Amari Rodgers,WR,GB/13,-5.83,1.61,129,10,22|11,263.1,4.166666667,0,
Richie James,WR,SF/6,-5.83,1.23,130,10,29|07,343.4,0,0,
Dede Westbrook,WR,MIN/7,-5.91,1.39,131,10,27|08,320.5,0,0,
Tajae Sharpe,WR,ATL/6,-5.93,1.17,132,10,,,,0,
Isaiah McKenzie,WR,BUF/7,-5.98,1.04,133,10,28|10,334,0,0,
Christian Blake,WR,ATL/6,-6.05,1.26,135,10,27|09,321,0,0,
Phillip Dorsett,WR,JAX/7,-6.06,1.55,136,10,34|01,397,0,0,
Mohamed Sanu,WR,SF/6,-6.14,1.42,137,10,28|01,325.4,0,0,
Cedrick Wilson,WR,DAL/7,-6.18,0.87,138,10,29|09,345.8,0,0,
Freddie Swain,WR,SEA/9,-6.18,0.9,139,10,26|08,308.4,0,0,
Kalif Raymond,WR,DET/9,-6.19,1.41,140,10,,,,0,
Andy Isabella,WR,ARI/12,-6.22,1.01,141,10,26|06,306.4,0,0,
Devin Duvernay,WR,BAL/8,-6.24,1.46,142,10,28|07,331.6,0,0,
Chad Beebe,WR,MIN/7,-6.3,0.96,143,10,27|02,314.8,-4.583333333,0,
Jalen Hurd,WR,SF/6,-6.3,1.38,144,10,27|06,318.1,0,0,
KeeSean Johnson,WR,ARI/12,-6.41,1.17,146,10,,,,0,
Dazz Newsome,WR,CHI/10,-6.41,1.91,147,10,28|02,326,-4,0,
Frank Darby,WR,ATL/6,-6.49,1.01,148,10,32|08,380.8,0,0,
Mack Hollins,WR,MIA/14,-6.74,2.17,149,10,,,,0,
Ray-Ray McCloud,WR,PIT/7,-6.75,1.19,150,10,32|12,384,0,0,
Mike Thomas,WR,CIN/10,-6.86,1.24,151,10,,,,0,
Jeff Smith,WR,NYJ/6,-7.29,1.75,152,10,,,,0,
