Name,Pos,Tm/Bye,Average,Stdev,Rank,Tier,ECR,ECR VS. ADP,PS,Baseline
Josh Allen,QB,BUF/7,14.8,2.56,1.0,1,1|01,0.0,0.93,QB:30
Patrick Mahomes,QB,KC/8,12.89,2.81,2.0,2,1|06,0.0,0.87,RB:37
Justin Herbert,QB,LAC/8,12.27,2.39,3.0,2,1|04,0.0,0.82,WR:45
Tom Brady,QB,TB/11,11.35,2.49,4.0,3,3|07,0.0,0.77,TE:17
Kyler Murray,QB,ARI/13,11.25,2.1,5.0,3,2|03,0.0,0.72,
Lamar Jackson,QB,BAL/10,11.02,2.59,6.0,3,1|09,0.0,0.67,
Jalen Hurts,QB,PHI/7,10.56,2.31,7.0,3,2|04,0.0,0.62,
Dak Prescott,QB,DAL/9,10.22,2.6,8.0,4,3|11,0.0,0.57,
Joe Burrow,QB,CIN/10,10.2,2.56,9.0,4,2|11,0.0,0.53,
Aaron Rodgers,QB,GB/14,9.73,2.61,10.0,4,4|08,0.0,0.48,
Russell Wilson,QB,DEN/9,9.7,2.44,11.0,4,3|09,0.0,0.44,
Matthew Stafford,QB,LAR/7,9.4,2.38,12.0,4,4|07,0.0,0.39,
Kirk Cousins,QB,MIN/7,8.9,2.19,13.0,5,5|02,0.0,0.35,
Trey Lance,QB,SF/9,8.27,2.43,14.0,5,4|04,0.0,0.32,
Derek Carr,QB,LV/6,8.05,2.53,15.0,5,5|01,0.0,0.28,
Tua Tagovailoa,QB,MIA/11,6.06,2.5,16.0,6,6|03,0.0,0.25,
Trevor Lawrence,QB,JAX/11,5.49,2.72,17.0,6,6|10,0.0,0.23,
Ryan Tannehill,QB,TEN/6,5.47,2.49,18.0,6,8|07,0.0,0.2,
Matt Ryan,QB,IND/14,5.35,2.3,19.0,6,7|07,0.0,0.18,
Jameis Winston,QB,NO/14,5.32,2.3,20.0,6,7|02,0.0,0.15,
Justin Fields,QB,CHI/14,5.31,2.62,21.0,6,6|06,0.0,0.13,
Daniel Jones,QB,NYG/9,5.07,2.58,22.0,6,8|12,0.0,0.11,
Mac Jones,QB,NE/10,4.9,2.1,23.0,6,9|03,0.0,0.08,
Carson Wentz,QB,WAS/14,4.81,2.51,24.0,6,9|10,0.0,0.06,
Jared Goff,QB,DET/6,4.14,2.61,25.0,7,10|03,0.0,0.04,
Zach Wilson,QB,NYJ/10,3.41,2.82,26.0,7,10|05,0.0,0.03,
Davis Mills,QB,HOU/6,2.9,2.47,27.0,7,11|03,0.0,0.02,
Baker Mayfield,QB,CAR/13,2.29,2.5,28.0,8,10|12,0.0,0.0,
Marcus Mariota,QB,ATL/14,1.08,1.72,29.0,8,13|03,0.0,0.0,
Mitchell Trubisky,QB,PIT/9,-1.46,3.23,30.0,9,13|11,0.0,0.0,
Geno Smith,QB,SEA/11,-2.59,3.78,31.0,9,21|12,0.0,0.0,
Jacoby Brissett,QB,CLE/9,-3.29,2.93,32.0,9,21|08,0.0,0.0,
Deshaun Watson,QB,CLE/9,-4.31,4.52,33.0,10,13|05,0.0,0.0,
Kenny Pickett,QB,PIT/9,-4.46,4.85,34.0,10,19|06,0.0,0.0,
Drew Lock,QB,SEA/11,-4.74,4.07,35.0,10,18|08,0.0,0.0,
Desmond Ridder,QB,ATL/14,-6.13,4.82,36.0,11,25|09,0.0,0.0,
Matt Corral,QB,CAR/13,-10.32,4.73,37.0,11,30|07,0.0,0.0,
Jonathan Taylor,RB,IND/14,11.28,1.94,1.0,1,1|02,0.0,0.93,
Christian McCaffrey,RB,CAR/13,9.7,1.72,2.0,2,1|03,0.0,0.87,
Derrick Henry,RB,TEN/6,8.86,1.72,3.0,3,1|11,0.0,0.81,
Austin Ekeler,RB,LAC/8,8.7,1.33,4.0,3,1|05,0.0,0.75,
Dalvin Cook,RB,MIN/7,7.34,1.08,5.0,4,1|08,0.0,0.71,
Joe Mixon,RB,CIN/10,7.21,1.03,6.0,4,2|02,0.0,0.66,
Najee Harris,RB,PIT/9,7.12,1.23,7.0,4,2|01,0.0,0.61,
Alvin Kamara,RB,NO/14,6.51,1.66,8.0,5,2|12,0.0,0.57,
DAndre Swift,RB,DET/6,6.07,1.23,9.0,5,2|06,0.0,0.53,
Leonard Fournette,RB,TB/11,5.98,1.26,10.0,5,3|04,0.0,0.5,
Saquon Barkley,RB,NYG/9,5.67,1.29,11.0,6,2|10,0.0,0.46,
Aaron Jones,RB,GB/14,5.59,1.23,12.0,6,3|01,0.0,0.42,
James Conner,RB,ARI/13,5.42,1.21,13.0,6,4|03,0.0,0.39,
Nick Chubb,RB,CLE/9,5.31,0.99,14.0,6,3|02,0.0,0.36,
Javonte Williams,RB,DEN/9,5.0,1.0,15.0,7,3|06,0.0,0.32,
Ezekiel Elliott,RB,DAL/9,4.89,1.28,16.0,7,4|06,0.0,0.29,
David Montgomery,RB,CHI/14,4.02,1.45,17.0,8,5|04,0.0,0.27,
Cam Akers,RB,LAR/7,3.78,1.52,18.0,8,4|12,0.0,0.24,
Travis Etienne,RB,JAX/11,3.48,1.33,19.0,9,5|03,0.0,0.22,
Breece Hall,RB,NYJ/10,3.34,1.06,20.0,9,4|11,0.0,0.2,
JK Dobbins,RB,BAL/10,3.29,1.12,21.0,9,5|10,0.0,0.18,
Josh Jacobs,RB,LV/6,3.19,1.27,22.0,9,6|05,0.0,0.16,
Elijah Mitchell,RB,SF/9,2.63,1.19,23.0,10,5|11,0.0,0.14,
AJ Dillon,RB,GB/14,2.42,0.93,24.0,10,6|04,0.0,0.13,
Antonio Gibson,RB,WAS/14,2.4,1.39,25.0,10,6|08,0.0,0.11,
Cordarrelle Patterson,RB,ATL/14,2.23,1.4,26.0,10,9|05,0.0,0.1,
Damien Harris,RB,NE/10,2.15,1.41,27.0,10,7|06,0.0,0.08,
Miles Sanders,RB,PHI/7,2.05,1.14,28.0,10,7|05,0.0,0.07,
Clyde Edwards-Helaire,RB,KC/8,1.93,1.24,29.0,10,7|11,0.0,0.06,
Tony Pollard,RB,DAL/9,1.6,1.03,30.0,11,8|08,0.0,0.05,
Devin Singletary,RB,BUF/7,1.44,1.46,31.0,11,9|01,0.0,0.04,
Kareem Hunt,RB,CLE/9,1.3,1.12,32.0,11,8|06,0.0,0.03,
Chase Edmonds,RB,MIA/11,1.2,1.12,33.0,11,8|02,0.0,0.02,
Rhamondre Stevenson,RB,NE/10,1.04,1.03,34.0,12,8|09,0.0,0.01,
Rashaad Penny,RB,SEA/11,0.91,1.8,35.0,12,8|05,0.0,0.01,
Melvin Gordon,RB,DEN/9,0.7,0.98,36.0,12,9|04,0.0,0.0,
Ken Walker,RB,SEA/11,0.62,0.75,37.0,12,9|07,0.0,0.0,
Dameon Pierce,RB,HOU/6,-0.78,1.95,38.0,13,11|01,0.0,0.0,
Darrell Henderson,RB,LAR/7,-0.86,1.04,39.0,13,11|02,0.0,0.0,
James Robinson,RB,JAX/11,-0.99,1.47,40.0,13,11|10,0.0,0.0,
James Cook,RB,BUF/7,-1.03,1.58,41.0,13,10|07,0.0,0.0,
Michael Carter,RB,NYJ/10,-1.2,1.24,42.0,13,10|11,0.0,0.0,
Jamaal Williams,RB,DET/6,-1.33,0.76,43.0,13,12|09,0.0,0.0,
Nyheim Hines,RB,IND/14,-1.52,1.11,44.0,14,11|11,0.0,0.0,
JD McKissic,RB,WAS/14,-1.65,0.86,45.0,14,12|08,0.0,0.0,
Kenneth Gainwell,RB,PHI/7,-1.77,0.94,46.0,14,12|04,0.0,0.0,
Brian Robinson,RB,WAS/14,-2.02,1.33,47.0,14,14|07,0.0,0.0,
Mark Ingram,RB,NO/14,-2.19,0.85,48.0,14,16|01,0.0,0.0,
Alexander Mattison,RB,MIN/7,-2.35,1.27,49.0,15,11|09,0.0,0.0,
Raheem Mostert,RB,MIA/11,-2.42,1.55,50.0,15,13|04,0.0,0.0,
Marlon Mack,RB,HOU/6,-2.62,2.21,51.0,15,15|04,0.0,0.0,
Gus Edwards,RB,BAL/10,-2.66,1.05,52.0,15,15|01,0.0,0.0,
Rex Burkhead,RB,HOU/6,-2.76,1.52,53.0,15,19|08,0.0,0.0,
Isaiah Spiller,RB,LAC/8,-2.78,1.69,54.0,15,12|11,0.0,0.0,
Rachaad White,RB,TB/11,-2.79,1.32,55.0,15,14|09,0.0,0.0,
Khalil Herbert,RB,CHI/14,-3.07,1.51,56.0,16,13|01,0.0,0.0,
Damien Williams,RB,ATL/14,-3.25,1.42,57.0,16,18|10,0.0,0.0,
Tyler Allgeier,RB,ATL/14,-3.58,2.05,58.0,16,13|12,0.0,0.0,
DOnta Foreman,RB,CAR/13,-3.59,1.69,59.0,16,15|11,0.0,0.0,
Zamir White,RB,LV/6,-3.82,1.47,60.0,17,16|10,0.0,0.0,
Jerick McKinnon,RB,KC/8,-3.9,1.44,61.0,17,19|01,0.0,0.0,
Boston Scott,RB,PHI/7,-3.96,1.25,62.0,17,17|06,0.0,0.0,
Sony Michel,RB,MIA/11,-4.13,1.14,63.0,17,15|07,0.0,0.0,
Samaje Perine,RB,CIN/10,-4.19,0.99,64.0,17,18|04,0.0,0.0,
Dontrell Hilliard,RB,TEN/6,-4.27,1.47,65.0,17,24|10,0.0,0.0,
Matt Breida,RB,NYG/9,-4.31,1.1,66.0,17,20|08,0.0,0.0,
Ronald Jones,RB,KC/8,-4.62,2.36,67.0,18,14|12,0.0,0.0,
Isaih Pacheco,RB,KC/8,-4.74,1.65,68.0,18,,,0.0,
Hassan Haskins,RB,TEN/6,-4.82,1.63,69.0,18,21|05,0.0,0.0,
Ameer Abdullah,RB,LV/6,-4.92,1.29,70.0,18,26|12,0.0,0.0,
Tyrion Davis-Price,RB,SF/9,-4.94,1.91,71.0,18,18|01,0.0,0.0,
Pierre Strong,RB,NE/10,-5.06,1.02,72.0,18,22|01,0.0,0.0,
Eno Ben,RB,ARI/13,-5.12,1.5,73.0,18,20|10,0.0,0.0,
Mike Davis,RB,BAL/10,-5.49,1.49,74.0,19,20|01,0.0,0.0,
Joshua Kelley,RB,LAC/8,-5.56,1.61,75.0,19,22|02,0.0,0.0,
Jeff Wilson,RB,SF/9,-5.56,1.15,76.0,19,19|02,0.0,0.0,
Brandon Bolden,RB,LV/6,-5.71,1.37,77.0,19,34|09,0.0,0.0,
DeeJay Dallas,RB,SEA/11,-6.03,1.04,78.0,20,27|05,0.0,0.0,
Duke Johnson,RB,BUF/7,-6.24,2.15,79.0,20,23|08,0.0,0.0,
Kyren Williams,RB,LAR/7,-6.35,0.87,80.0,20,22|06,0.0,0.0,
Phillip Lindsay,RB,IND/14,-6.36,1.16,81.0,20,21|04,0.0,0.0,
Derrick Gore,RB,KC/8,-6.53,0.55,82.0,20,28|06,0.0,0.0,
Tyler Badie,RB,BAL/10,-6.9,0.95,84.0,21,23|09,0.0,0.0,
Tony Jones,RB,NO/14,-6.97,1.06,85.0,21,31|09,0.0,0.0,
Jermar Jefferson,RB,DET/6,-6.97,0.51,86.0,21,34|04,0.0,0.0,
Ty Chandler,RB,MIN/7,-7.53,0.6,87.0,21,34|10,0.0,0.0,
Travis Kelce,TE,KC/8,6.73,1.35,1.0,1,2|07,0.0,0.8,
Mark Andrews,TE,BAL/10,6.25,0.94,2.0,1,3|05,0.0,0.61,
Kyle Pitts,TE,ATL/14,3.72,1.01,3.0,2,4|10,0.0,0.5,
Darren Waller,TE,LV/6,3.37,0.84,4.0,2,6|07,0.0,0.4,
George Kittle,TE,SF/9,3.16,1.01,5.0,2,6|02,0.0,0.31,
Dalton Schultz,TE,DAL/9,2.62,0.73,6.0,3,7|09,0.0,0.23,
TJ Hockenson,TE,DET/6,1.81,0.76,7.0,4,8|10,0.0,0.18,
Dallas Goedert,TE,PHI/7,1.78,0.71,8.0,4,9|02,0.0,0.13,
Zach Ertz,TE,ARI/13,1.19,0.76,9.0,5,9|11,0.0,0.09,
Dawson Knox,TE,BUF/7,0.96,0.64,10.0,5,10|08,0.0,0.06,
Hunter Henry,TE,NE/10,0.57,0.56,11.0,6,12|06,0.0,0.05,
Pat Freiermuth,TE,PIT/9,0.47,0.68,12.0,6,11|05,0.0,0.03,
Mike Gesicki,TE,MIA/11,0.43,0.64,13.0,6,12|05,0.0,0.02,
Cole Kmet,TE,CHI/14,0.34,0.8,14.0,6,11|08,0.0,0.01,
Irv Smith,TE,MIN/7,0.19,0.72,15.0,6,13|07,0.0,0.0,
Noah Fant,TE,SEA/11,0.1,0.6,16.0,6,13|09,0.0,0.0,
Tyler Higbee,TE,LAR/7,-0.0,0.77,17.0,7,14|10,0.0,0.0,
Albert Okwuegbunam,TE,DEN/9,-0.15,0.98,18.0,7,13|06,0.0,0.0,
David Njoku,TE,CLE/9,-0.2,0.68,19.0,7,14|08,0.0,0.0,
Gerald Everett,TE,LAC/8,-0.27,0.92,20.0,7,14|06,0.0,0.0,
Robert Tonyan,TE,GB/14,-0.62,0.78,21.0,7,14|03,0.0,0.0,
Evan Engram,TE,JAX/11,-0.78,0.89,22.0,8,15|02,0.0,0.0,
Austin Hooper,TE,TEN/6,-1.16,0.91,23.0,8,15|03,0.0,0.0,
Logan Thomas,TE,WAS/14,-1.25,0.8,24.0,8,16|04,0.0,0.0,
Hayden Hurst,TE,CIN/10,-1.31,0.85,25.0,8,16|08,0.0,0.0,
Brevin Jordan,TE,HOU/6,-1.78,0.78,26.0,9,17|11,0.0,0.0,
Mo Alie-Cox,TE,IND/14,-1.88,0.83,27.0,9,19|04,0.0,0.0,
Cameron Brate,TE,TB/11,-2.07,1.12,28.0,9,20|11,0.0,0.0,
Adam Trautman,TE,NO/14,-2.92,1.29,29.0,10,19|11,0.0,0.0,
Tyler Conklin,TE,NYJ/10,-2.95,1.06,30.0,10,24|03,0.0,0.0,
Jonnu Smith,TE,NE/10,-3.05,0.93,31.0,10,18|06,0.0,0.0,
Daniel Bellinger,TE,NYG/9,-3.11,1.23,32.0,10,24|05,0.0,0.0,
CJ Uzomah,TE,NYJ/10,-3.17,1.03,33.0,10,20|02,0.0,0.0,
Harrison Bryant,TE,CLE/9,-3.35,0.88,34.0,11,24|06,0.0,0.0,
Taysom Hill,TE,NO/14,-3.38,1.94,35.0,11,,,0.0,
Tommy Tremble,TE,CAR/13,-3.42,1.09,36.0,11,24|08,0.0,0.0,
Greg Dulcich,TE,DEN/9,-3.43,1.11,37.0,11,23|12,0.0,0.0,
Foster Moreau,TE,LV/6,-3.48,1.14,38.0,11,26|06,0.0,0.0,
Donald Parham,TE,LAC/8,-3.48,0.79,39.0,11,25|07,0.0,0.0,
Dan Arnold,TE,JAX/11,-3.59,0.92,40.0,11,20|04,0.0,0.0,
Rob Gronkowski,TE,/,-3.77,1.5,41.0,11,,,0.0,
Geoff Swaim,TE,TEN/6,-3.93,0.99,42.0,12,31|12,0.0,0.0,
Anthony Firkser,TE,ATL/14,-4.02,0.72,43.0,12,25|04,0.0,0.0,
Pharaoh Brown,TE,HOU/6,-4.05,0.75,44.0,12,29|05,0.0,0.0,
Ricky Seals-Jones,TE,NYG/9,-4.15,1.22,45.0,12,25|02,0.0,0.0,
OJ Howard,TE,BUF/7,-4.21,1.13,46.0,12,21|10,0.0,0.0,
Trey McBride,TE,ARI/13,-4.22,0.89,47.0,12,21|07,0.0,0.0,
Will Dissly,TE,SEA/11,-4.26,1.05,48.0,12,32|03,0.0,0.0,
Durham Smythe,TE,MIA/11,-4.35,0.88,49.0,13,35|01,0.0,0.0,
Isaiah Likely,TE,BAL/10,-4.38,1.23,50.0,13,27|06,0.0,0.0,
John Bates,TE,WAS/14,-4.41,0.77,51.0,13,27|04,0.0,0.0,
Josiah Deguara,TE,GB/14,-4.5,1.0,52.0,13,27|12,0.0,0.0,
Jelani Woods,TE,IND/14,-4.57,1.03,53.0,13,26|04,0.0,0.0,
Jordan Akins,TE,NYG/9,-4.67,0.78,54.0,13,32|05,0.0,0.0,
James OShaughnessy,TE,CHI/14,-4.73,1.37,55.0,13,36|03,0.0,0.0,
Ian Thomas,TE,CAR/13,-4.84,0.81,56.0,14,33|10,0.0,0.0,
Cade Otton,TE,TB/11,-4.93,1.03,57.0,14,25|11,0.0,0.0,
Marcedes Lewis,TE,GB/14,-5.04,1.09,58.0,14,38|02,0.0,0.0,
Kylen Granson,TE,IND/14,-5.05,0.9,59.0,14,27|09,0.0,0.0,
Charlie Kolar,TE,BAL/10,-5.08,0.55,60.0,14,34|03,0.0,0.0,
Zach Gentry,TE,PIT/9,-5.1,1.01,61.0,14,36|05,0.0,0.0,
Jeremy Ruckert,TE,NYJ/10,-5.17,1.16,62.0,14,30|05,0.0,0.0,
Jake Ferguson,TE,DAL/9,-5.19,0.54,63.0,15,33|02,0.0,0.0,
Cooper Kupp,WR,LAR/7,9.48,1.65,1.0,1,1|10,0.0,0.92,
Justin Jefferson,WR,MIN/7,8.05,1.22,2.0,2,1|07,0.0,0.86,
JaMarr Chase,WR,CIN/10,7.05,0.98,3.0,3,1|12,0.0,0.8,
Davante Adams,WR,LV/6,6.27,1.32,4.0,3,2|08,0.0,0.75,
Stefon Diggs,WR,BUF/7,5.71,0.9,5.0,4,2|05,0.0,0.71,
Deebo Samuel,WR,SF/9,5.49,1.08,6.0,4,3|03,0.0,0.66,
CeeDee Lamb,WR,DAL/9,5.36,1.22,7.0,4,2|09,0.0,0.62,
Mike Evans,WR,TB/11,4.63,1.03,8.0,5,3|08,0.0,0.58,
Tyreek Hill,WR,MIA/11,4.53,0.83,9.0,5,3|10,0.0,0.55,
Tee Higgins,WR,CIN/10,4.14,0.92,10.0,5,4|02,0.0,0.51,
Keenan Allen,WR,LAC/8,3.74,0.79,11.0,6,4|01,0.0,0.48,
Michael Pittman,WR,IND/14,3.7,0.6,12.0,6,4|05,0.0,0.45,
DJ Moore,WR,CAR/13,3.7,1.03,13.0,6,4|09,0.0,0.42,
AJ Brown,WR,PHI/7,3.62,0.93,14.0,6,3|12,0.0,0.4,
Mike Williams,WR,LAC/8,3.3,0.71,15.0,6,5|07,0.0,0.37,
Brandin Cooks,WR,HOU/6,3.05,0.76,16.0,7,5|12,0.0,0.34,
Jaylen Waddle,WR,MIA/11,2.75,0.85,17.0,7,5|06,0.0,0.32,
Diontae Johnson,WR,PIT/9,2.71,0.94,18.0,7,5|05,0.0,0.3,
Terry McLaurin,WR,WAS/14,2.64,0.8,19.0,7,5|08,0.0,0.28,
Courtland Sutton,WR,DEN/9,2.49,1.43,20.0,7,5|09,0.0,0.26,
DK Metcalf,WR,SEA/11,2.48,0.83,21.0,7,6|01,0.0,0.24,
Amon-Ra St,WR,DET/6,2.25,0.75,22.0,8,8|01,0.0,0.22,
Allen Robinson,WR,LAR/7,2.15,1.14,23.0,8,6|09,0.0,0.2,
Darnell Mooney,WR,CHI/14,2.12,1.01,24.0,8,6|12,0.0,0.19,
Marquise Brown,WR,ARI/13,1.99,1.29,25.0,8,6|11,0.0,0.17,
Gabriel Davis,WR,BUF/7,1.94,0.93,26.0,8,7|12,0.0,0.16,
Chris Godwin,WR,TB/11,1.92,1.32,27.0,8,7|10,0.0,0.14,
Adam Thielen,WR,MIN/7,1.91,1.08,28.0,8,8|11,0.0,0.13,
Amari Cooper,WR,CLE/9,1.89,1.12,29.0,8,7|04,0.0,0.11,
Michael Thomas,WR,NO/14,1.86,0.93,30.0,8,7|03,0.0,0.1,
Jerry Jeudy,WR,DEN/9,1.8,1.0,31.0,8,7|01,0.0,0.08,
JuJu Smith-Schuster,WR,KC/8,1.44,0.98,32.0,9,8|04,0.0,0.07,
Hunter Renfrow,WR,LV/6,1.39,0.8,33.0,9,9|12,0.0,0.06,
Rashod Bateman,WR,BAL/10,1.27,0.82,34.0,9,7|08,0.0,0.05,
Elijah Moore,WR,NYJ/10,1.12,1.14,35.0,9,8|03,0.0,0.04,
Tyler Lockett,WR,SEA/11,1.04,1.21,36.0,9,10|01,0.0,0.03,
Christian Kirk,WR,JAX/11,1.0,0.79,37.0,9,10|04,0.0,0.02,
Robert Woods,WR,TEN/6,0.8,1.15,38.0,10,10|09,0.0,0.02,
DeVonta Smith,WR,PHI/7,0.66,1.05,39.0,10,9|08,0.0,0.01,
Allen Lazard,WR,GB/14,0.6,0.87,40.0,10,10|02,0.0,0.01,
Drake London,WR,ATL/14,0.5,0.82,41.0,10,9|09,0.0,0.0,
Brandon Aiyuk,WR,SF/9,0.26,0.57,42.0,10,9|06,0.0,0.0,
Chase Claypool,WR,PIT/9,0.02,0.65,43.0,10,11|07,0.0,0.0,
Kadarius Toney,WR,NYG/9,-0.38,1.33,44.0,11,10|10,0.0,0.0,
Tyler Boyd,WR,CIN/10,-0.48,0.58,45.0,11,12|03,0.0,0.0,
Garrett Wilson,WR,NYJ/10,-0.61,1.52,46.0,11,12|02,0.0,0.0,
Chris Olave,WR,NO/14,-0.63,1.1,47.0,11,11|06,0.0,0.0,
DeVante Parker,WR,NE/10,-0.66,1.1,48.0,11,13|02,0.0,0.0,
Marquez Valdes-Scantling,WR,KC/8,-0.82,1.15,49.0,11,12|10,0.0,0.0,
Kenny Golladay,WR,NYG/9,-0.83,1.1,50.0,11,13|08,0.0,0.0,
Jakobi Meyers,WR,NE/10,-0.83,1.05,51.0,11,12|07,0.0,0.0,
DeAndre Hopkins,WR,ARI/13,-0.92,0.96,52.0,11,10|06,0.0,0.0,
Russell Gage,WR,TB/11,-0.93,1.39,53.0,11,12|01,0.0,0.0,
Marvin Jones,WR,JAX/11,-1.06,1.04,54.0,11,16|06,0.0,0.0,
Treylon Burks,WR,TEN/6,-1.19,2.62,55.0,12,11|04,0.0,0.0,
Michael Gallup,WR,DAL/9,-1.24,1.12,56.0,12,14|01,0.0,0.0,
Robbie Anderson,WR,CAR/13,-1.43,0.64,57.0,12,15|09,0.0,0.0,
DJ Chark,WR,DET/6,-1.49,1.32,58.0,12,14|02,0.0,0.0,
Jahan Dotson,WR,WAS/14,-1.53,1.02,59.0,12,14|11,0.0,0.0,
Jarvis Landry,WR,NO/14,-1.65,1.07,60.0,12,12|12,0.0,0.0,
Rondale Moore,WR,ARI/13,-1.72,1.32,61.0,12,13|10,0.0,0.0,
KJ Osborn,WR,MIN/7,-1.73,1.0,62.0,12,16|02,0.0,0.0,
Skyy Moore,WR,KC/8,-1.74,1.3,63.0,12,11|12,0.0,0.0,
Corey Davis,WR,NYJ/10,-1.74,1.08,64.0,12,15|05,0.0,0.0,
Mecole Hardman,WR,KC/8,-1.74,1.77,65.0,12,15|10,0.0,0.0,
Nico Collins,WR,HOU/6,-1.79,0.91,66.0,12,15|08,0.0,0.0,
George Pickens,WR,PIT/9,-1.94,1.28,67.0,13,14|04,0.0,0.0,
Van Jefferson,WR,LAR/7,-1.95,0.92,68.0,13,16|03,0.0,0.0,
KJ Hamler,WR,DEN/9,-2.12,1.01,69.0,13,17|03,0.0,0.0,
Jalen Tolbert,WR,DAL/9,-2.12,1.58,70.0,13,17|07,0.0,0.0,
Kendrick Bourne,WR,NE/10,-2.27,1.8,71.0,13,16|09,0.0,0.0,
Julio Jones,WR,TB/11,-2.31,1.55,72.0,13,14|05,0.0,0.0,
Donovan Peoples-Jones,WR,CLE/9,-2.41,0.96,73.0,13,16|11,0.0,0.0,
WanDale Robinson,WR,NYG/9,-2.66,1.37,74.0,14,16|12,0.0,0.0,
Alec Pierce,WR,IND/14,-2.72,1.12,75.0,14,18|07,0.0,0.0,
Curtis Samuel,WR,WAS/14,-2.74,1.46,76.0,14,17|05,0.0,0.0,
Randall Cobb,WR,GB/14,-2.91,1.47,77.0,14,20|03,0.0,0.0,
Josh Palmer,WR,LAC/8,-2.99,1.47,78.0,14,,,0.0,
Jameson Williams,WR,DET/6,-3.08,1.69,79.0,14,15|12,0.0,0.0,
Parris Campbell,WR,IND/14,-3.29,1.2,80.0,15,17|01,0.0,0.0,
Christian Watson,WR,GB/14,-3.29,1.82,81.0,15,16|07,0.0,0.0,
AJ Green,WR,ARI/13,-3.3,0.91,82.0,15,17|10,0.0,0.0,
Devin Duvernay,WR,BAL/10,-3.34,1.24,83.0,15,23|07,0.0,0.0,
Nick Westbrook-Ikhine,WR,TEN/6,-3.35,0.91,84.0,15,24|02,0.0,0.0,
Byron Pringle,WR,CHI/14,-3.53,1.18,85.0,15,18|12,0.0,0.0,
Isaiah McKenzie,WR,BUF/7,-3.58,1.67,86.0,15,17|08,0.0,0.0,
Romeo Doubs,WR,GB/14,-3.67,1.62,87.0,15,19|05,0.0,0.0,
Cedrick Wilson,WR,MIA/11,-3.68,1.09,88.0,15,21|01,0.0,0.0,
Zay Jones,WR,JAX/11,-3.74,1.09,89.0,15,19|03,0.0,0.0,
Sterling Shepard,WR,NYG/9,-3.8,1.79,90.0,15,18|02,0.0,0.0,
Jamison Crowder,WR,BUF/7,-3.92,1.32,91.0,15,17|02,0.0,0.0,
Bryan Edwards,WR,ATL/14,-4.01,1.66,92.0,16,20|06,0.0,0.0,
Braxton Berrios,WR,NYJ/10,-4.13,1.0,93.0,16,19|09,0.0,0.0,
Laviska Shenault,WR,JAX/11,-4.32,1.44,94.0,16,18|03,0.0,0.0,
Olamide Zaccheaus,WR,ATL/14,-4.47,0.73,95.0,16,27|08,0.0,0.0,
David Bell,WR,CLE/9,-4.48,1.61,96.0,16,17|09,0.0,0.0,
Chris Conley,WR,HOU/6,-4.53,1.25,97.0,16,29|07,0.0,0.0,
Terrace Marshall,WR,CAR/13,-4.6,1.06,98.0,16,18|09,0.0,0.0,
Velus Jones,WR,CHI/14,-4.9,1.45,99.0,17,23|06,0.0,0.0,
Quez Watkins,WR,PHI/7,-5.1,1.22,100.0,17,22|10,0.0,0.0,
James Proche,WR,BAL/10,-5.21,1.35,101.0,17,25|12,0.0,0.0,
Nelson Agholor,WR,NE/10,-5.28,1.67,102.0,17,21|03,0.0,0.0,
Jalen Guyton,WR,LAC/8,-5.35,1.01,103.0,17,25|08,0.0,0.0,
James Washington,WR,DAL/9,-5.36,1.67,104.0,17,26|07,0.0,0.0,
Kyle Philips,WR,TEN/6,-5.45,1.45,105.0,17,25|10,0.0,0.0,
Jauan Jennings,WR,SF/9,-5.46,1.02,106.0,17,28|07,0.0,0.0,
Tyquan Thornton,WR,NE/10,-5.59,1.26,107.0,17,24|09,0.0,0.0,
Dee Eskridge,WR,SEA/11,-5.8,1.47,108.0,18,28|05,0.0,0.0,
Anthony Schwartz,WR,CLE/9,-5.81,1.24,109.0,18,28|01,0.0,0.0,
Rashard Higgins,WR,CAR/13,-5.88,1.2,110.0,18,28|09,0.0,0.0,
Keelan Cole,WR,LV/6,-5.89,1.32,111.0,18,30|10,0.0,0.0,
Freddie Swain,WR,SEA/11,-5.92,1.02,112.0,18,32|11,0.0,0.0,
Darius Slayton,WR,NYG/9,-5.99,1.54,113.0,18,22|09,0.0,0.0,
Josh Reynolds,WR,DET/6,-6.06,1.21,114.0,18,21|11,0.0,0.0,
Laquon Treadwell,WR,JAX/11,-6.18,1.33,115.0,18,27|07,0.0,0.0,
Phillip Dorsett,WR,HOU/6,-6.19,1.47,116.0,18,33|06,0.0,0.0,
Kalif Raymond,WR,DET/6,-6.22,1.34,117.0,18,32|06,0.0,0.0,
Dez Fitzpatrick,WR,TEN/6,-6.51,1.16,118.0,19,33|09,0.0,0.0,
Tylan Wallace,WR,BAL/10,-6.58,0.98,119.0,19,28|10,0.0,0.0,
Amari Rodgers,WR,GB/14,-6.6,1.38,120.0,19,26|01,0.0,0.0,
Calvin Austin,WR,PIT/9,-6.7,1.51,121.0,19,26|05,0.0,0.0,
TreQuan Smith,WR,NO/14,-6.87,1.43,122.0,19,21|09,0.0,0.0,
Danny Gray,WR,SF/9,-6.88,1.03,123.0,19,27|03,0.0,0.0,
Tutu Atwell,WR,LAR/7,-6.91,1.01,124.0,19,28|04,0.0,0.0,
Ashton Dulin,WR,IND/14,-6.95,1.2,125.0,19,29|08,0.0,0.0,
Zach Pascal,WR,PHI/7,-7.04,0.76,126.0,20,29|11,0.0,0.0,
Olabisi Johnson,WR,MIN/7,-7.11,1.28,127.0,20,,,0.0,
Tyler Johnson,WR,TB/11,-7.15,0.84,128.0,20,28|02,0.0,0.0,
Tyron Johnson,WR,LV/6,-7.17,1.71,129.0,20,43|03,0.0,0.0,
Cam Sims,WR,WAS/14,-7.22,0.92,130.0,20,38|12,0.0,0.0,
Dyami Brown,WR,WAS/14,-7.25,0.94,131.0,20,22|05,0.0,0.0,
Brandon Zylstra,WR,CAR/13,-7.28,0.62,132.0,20,40|04,0.0,0.0,
Auden Tate,WR,ATL/14,-7.33,1.03,133.0,20,31|08,0.0,0.0,
Damiere Byrd,WR,ATL/14,-7.37,0.78,134.0,20,34|06,0.0,0.0,
David Moore,WR,CHI/14,-7.5,0.1,135.0,21,40|02,0.0,0.0,
Josh Gordon,WR,KC/8,-7.51,0.75,136.0,21,45|03,0.0,0.0,
Chester Rogers,WR,/,-7.61,0.87,137.0,21,37|12,0.0,0.0,
Mohamed Sanu,WR,MIA/11,-7.63,0.78,138.0,21,42|09,0.0,0.0,
Keke Coutee,WR,IND/14,-7.67,0.69,139.0,21,37|11,0.0,0.0,
Trent Sherfield,WR,MIA/11,-7.81,0.94,140.0,21,36|08,0.0,0.0,
